id,state,state_name,jurisdiction_type,jurisdiction_name,election_type,election_date,offices,registration_deadline,registration_deadline_time,early_voting_start,early_voting_end,mail_ballot_request_deadline,candidate_filing_deadline,timezone,confidence,source_url,source_retrieved_at,notes
be9a00eca76aed1b,SD,South Dakota,state,South Dakota,runoff,2026-07-28,Governor,2026-07-13,,,,,,,official,https://sdsos.gov/elections-voting/upcoming-elections/general-information/default.aspx,2026-07-21T18:00:00Z,"Republican primary runoff for Governor (Toby Doeden vs. incumbent Larry Rhoden), required because no candidate received 35% in the June 2, 2026 primary; absentee voting began June 12, 2026. Historical — election already held; record retained for archive."
27f1d09fe1cddfc3,KS,Kansas,state,Kansas,primary,2026-08-04,U.S. Senate; Governor; U.S. House (all districts); Statewide offices & Legislature,2026-07-14,,2026-07-15,2026-08-03,,,,official,https://sos.ks.gov/Pubs/Elections/2026-Primary-Election-Dates.pdf,2026-07-21T18:00:00Z,Advance in-person voting may begin July 15 (varies by county) and must begin in all counties by July 28; it ends at 12:00 noon on August 3. Historical — election already held; record retained for archive.
867cecc1225500dd,MI,Michigan,state,Michigan,primary,2026-08-04,U.S. Senate; Governor; U.S. House (all districts); Statewide offices & Legislature,2026-07-20,,2026-07-25,2026-08-02,,,,official,https://www.michigan.gov/sos/-/media/Project/Websites/sos/Election-Administrators/Election-Dates.pdf,2026-07-21T18:00:00Z,"Registration deadline is for mail/online; in-person registration with proof of residency continues through Election Day. Secretary of State and Attorney General nominees are chosen at party conventions, not in this primary; the primary nominates for U.S. Senate, Governor, U.S. House, and the Legislature. Historical — election already held; record retained for archive."
5dc89c3f60d8b621,MO,Missouri,state,Missouri,primary,2026-08-04,U.S. House (all districts); Statewide offices & Legislature,,,,,,,,official,https://www.sos.mo.gov/elections/candidates,2026-07-21T18:00:00Z,"Primary nominates for all 8 U.S. House districts, State Auditor (the only statewide office up in 2026), and the Legislature; no U.S. Senate or Governor race in Missouri in 2026. Historical — election already held; record retained for archive."
3b409970c92eb5fa,VA,Virginia,state,Virginia,primary,2026-08-04,U.S. Senate; U.S. House (all districts),,,,,,,,official,https://www.elections.virginia.gov/news-releases/primary-election-moved-to-august-4-1.html,2026-07-21T18:00:00Z,"Virginia's 2026 primary, originally set for June 16, was moved to August 4, 2026 per an official Department of Elections news release; primaries are held only for offices/parties with contested nominations. Historical — election already held; record retained for archive."
c0a3589ae2569f53,WA,Washington,state,Washington,primary,2026-08-04,U.S. House (all districts); Statewide offices & Legislature,2026-07-27,,,,,,,official,https://www.sos.wa.gov/sites/default/files/2026-07/PrimaryElectionFacts2026.pdf,2026-07-21T18:00:00Z,"Top-two primary; ballot includes U.S. Representative, State Senator/Representative, and statewide judicial (Supreme Court, Court of Appeals) — no U.S. Senate or Governor race in 2026 and no statewide executive offices; all-mail voting with ballots mailed by July 17, so no traditional early-voting period; registration deadline is online/mail, in-person through Election Day. Historical — election already held; record retained for archive."
fe697ca803c93656,TN,Tennessee,state,Tennessee,primary,2026-08-06,U.S. Senate; Governor; U.S. House (all districts); Statewide offices & Legislature,2026-07-07,,2026-07-17,2026-08-01,,,,official,https://sos.tn.gov/press-releases/tennessees-early-voting-period-for-the-august-6th-election-day-runs-from-friday-july,2026-07-21T18:00:00Z,State primary (held concurrently with county general elections) nominating candidates for the Nov. 3 general. Historical — election already held; record retained for archive.
6e94c3a0f17fe283,HI,Hawaii,state,Hawaii,primary,2026-08-08,Governor; U.S. House (all districts); Statewide offices & Legislature,,,2026-07-27,2026-08-08,,,,official,https://elections.hawaii.gov/,2026-07-21T18:00:00Z,Same-day voter registration available; all-mail election with in-person voting at voter service centers (excluding Sundays). Historical — election already held; record retained for archive.
515c17ecf81eebb5,CT,Connecticut,state,Connecticut,primary,2026-08-11,Governor; U.S. House (all districts); Statewide offices & Legislature,2026-07-24,,2026-08-03,2026-08-09,,,,official,https://portal.ct.gov/-/media/sots/electionservices/calendars/2026-elections/2026-election-calendar-122325.pdf?rev=340f2bcacc9748c1a2ed8f49d1774f52&hash=471ECCC3D26999C2D53BB5636927C0EB,2026-10-09T12:00:00Z,"Same-day registration is not available for primaries. The last day to register or enroll by mail was July 24, 2026; the online system closed that day at 11:59 p.m. Early voting ran Aug 3 through Aug 9. Historical — election already held; record retained for archive."
84f51aa64763bcad,MN,Minnesota,state,Minnesota,primary,2026-08-11,U.S. Senate; Governor; U.S. House (all districts); Statewide offices & Legislature,,,2026-06-26,2026-08-10,,,,official,https://www.sos.mn.gov/about-the-office/news-room/voting-in-the-primary-election-begins-june-26/,2026-07-21T18:00:00Z,Same-day voter registration available. Historical — election already held; record retained for archive.
c7012003096bb2cb,VT,Vermont,state,Vermont,primary,2026-08-11,Governor; U.S. House (all districts); Statewide offices & Legislature,,,,,,,,official,https://sos.vermont.gov/elections/election-info-resources/candidates,2026-07-21T18:00:00Z,Same-day voter registration available. Historical — election already held; record retained for archive.
0840450df8cb3594,WI,Wisconsin,state,Wisconsin,primary,2026-08-11,Governor; U.S. House (all districts); Statewide offices & Legislature,,,,,,,,official,https://elections.wi.gov/2026,2026-07-21T18:00:00Z,Same-day voter registration available. Historical — election already held; record retained for archive.
98178c9388ffd7dc,AK,Alaska,state,Alaska,primary,2026-08-18,U.S. Senate; Governor; U.S. House (all districts); Statewide offices & Legislature,2026-07-19,,2026-08-03,,,,,official,https://www.elections.alaska.gov/election-information/,2026-07-21T18:00:00Z,Top-four nonpartisan open primary; top four advance to the ranked-choice general election. Historical — election already held; record retained for archive.
be9331704cb5e2a4,FL,Florida,state,Florida,primary,2026-08-18,Governor; U.S. House (all districts); Statewide offices & Legislature,2026-07-20,,2026-08-08,2026-08-15,,,,official,https://dos.fl.gov/elections/for-voters/election-dates/,2026-10-09T12:00:00Z,Closed primary; early-voting dates shown are the mandatory statewide period (counties may offer additional days). The Aug 18 primary included Republican and Democratic U.S. Senate contests. Historical — election already held; record retained for archive.
60a08d938f785889,WY,Wyoming,state,Wyoming,primary,2026-08-18,U.S. Senate; Governor; U.S. House (all districts); Statewide offices & Legislature,,,,,,,,official,https://sos.wyo.gov/Elections/Docs/2026/2026_Key_Election_Dates.pdf,2026-07-21T18:00:00Z,"Same-day voter registration available (register and vote at the polls); advance registration closed August 3, 2026. Historical — election already held; record retained for archive."
ba831e2f5514c6b1,OK,Oklahoma,state,Oklahoma,runoff,2026-08-25,U.S. Senate; Governor; U.S. House (all districts); Statewide offices & Legislature,2026-07-31,,,,,,,official,https://oklahoma.gov/elections/voters/military-overseas-voters/2026-election-notice-runoff-primary-election1.html,2026-07-21T18:00:00Z,"Runoff applies only to races in which no candidate received a majority in the June 16, 2026 primary. Historical — election already held; record retained for archive."
b9184e03a32ba8ea,MA,Massachusetts,state,Massachusetts,primary,2026-09-01,U.S. Senate; Governor; U.S. House (all districts); Statewide offices & Legislature,,,,,,,,official,https://www.sec.state.ma.us/divisions/elections/recent-updates/upcoming-elections.htm,2026-07-21T18:00:00Z,Historical — election already held; record retained for archive.
86c5e417a1639598,NH,New Hampshire,state,New Hampshire,primary,2026-09-08,U.S. Senate; Governor; U.S. House (all districts); Statewide offices & Legislature,,,,,,,,official,https://www.sos.nh.gov/2026-election-details,2026-07-21T18:00:00Z,Same-day voter registration available. Historical — election already held; record retained for archive.
f298c2cebd668cdc,RI,Rhode Island,state,Rhode Island,primary,2026-09-09,U.S. Senate; Governor; U.S. House (all districts); Statewide offices & Legislature,2026-08-10,,2026-08-20,2026-09-08,,,,official,https://vote.sos.ri.gov/Forms/Elections/Guides/2026ElecCal.pdf,2026-10-09T12:00:00Z,Primary held on a Wednesday; RI Department of State confirms the new 2026 primary date of September 9 due to the Labor Day holiday. Historical — election already held; record retained for archive.
3e8fef1252c04f81,DE,Delaware,state,Delaware,primary,2026-09-15,U.S. Senate; U.S. House (all districts); Statewide offices & Legislature,2026-08-22,,2026-09-02,2026-09-13,2026-09-11,,,official,https://elections.delaware.gov/elections/primary/primary.html,2026-10-09T12:00:00Z,"Closed primary: only Democrats could vote in the Democratic primary and only Republicans in the Republican primary. Registration closed Saturday, Aug 22, 2026 (military and overseas citizens: Aug 31). Early voting ran Sept 2–13, with none on Sunday, Sept 6 or Labor Day, Sept 7. Absentee ballots had to be requested by Friday, Sept 11 and received by the Department of Elections by 8 p.m. on Election Day, Sept 15. Historical — election already held; record retained for archive."
30dcca9c60cc51ae,AK,Alaska,state,Alaska,general,2026-11-03,U.S. Senate; Governor; U.S. House (all districts); Statewide offices & Legislature,2026-10-04,,2026-10-19,,,,,official,https://www.elections.alaska.gov/calendar/,2026-07-21T18:00:00Z,General election uses ranked-choice voting among top-four primary finishers.
8003990fb29e52ee,AL,Alabama,state,Alabama,general,2026-11-03,U.S. Senate; Governor; U.S. House (all districts); Statewide offices & Legislature,2026-10-19,,,,,,,official,https://www.sos.alabama.gov/alabama-votes/voter/election-information/2026,2026-07-21T18:00:00Z,"Statewide primary was held May 19, 2026, with runoffs in June; Alabama has no early in-person voting; Governor (Ivey term-limited) and the Class 2 U.S. Senate seat are both on the ballot. Registration closes 15 days before the election (Oct 19; per NCSL voter-registration table updated 2026-05-20, cross-checked 2026-09-28); no same-day registration."
44c594be06a5521e,AR,Arkansas,state,Arkansas,general,2026-11-03,U.S. Senate; Governor; U.S. House (all districts); Statewide offices & Legislature,2026-10-05,,2026-10-19,2026-11-02,,,,official,https://www.sos.arkansas.gov/uploads/elections/2026_Election_Calendar_Rev._6-2025_.pdf,2026-07-21T18:00:00Z,"A General Runoff Election, if required for eligible (e.g., nonpartisan/municipal) races, is set for December 1, 2026."
5dca68fbbea3221a,AZ,Arizona,state,Arizona,general,2026-11-03,Governor; U.S. House (all districts); Statewide offices & Legislature,2026-10-05,,,,,,,official,https://azsos.gov/elections/election-information/2026-election-info,2026-07-21T18:00:00Z,No U.S. Senate seat is up in Arizona in 2026; Governor and all other statewide executive offices plus all 9 U.S. House districts and the Legislature are on the ballot.
ac2c1a098cca9ba4,CA,California,state,California,general,2026-11-03,Governor; U.S. House (all districts); Statewide offices & Legislature,2026-10-19,,,,,,,official,https://www.sos.ca.gov/elections/upcoming-elections/general-election-november-3-2026/key-dates-deadlines,2026-07-21T18:00:00Z,All active registered voters are mailed ballots beginning 2026-10-05; same-day (conditional) voter registration available after the deadline; no U.S. Senate seat on California's 2026 ballot.
af0088b451e4e9b7,CO,Colorado,state,Colorado,general,2026-11-03,U.S. Senate; Governor; U.S. House (all districts); Statewide offices & Legislature,2026-10-26,,2026-10-19,2026-11-03,,,,official,https://www.sos.state.co.us/pubs/elections/calendars/2026ElectionCalendar.pdf,2026-10-09T12:00:00Z,"All-mail voting state; every voter receives a mail ballot. Ballots are mailed to all registered voters Oct 2 through Oct 9, 2026; active, eligible registered voters receive one in that initial dispatch. Oct 26, 2026 is the deadline to register and still receive a mailed ballot (through the 8th day before the election). Eligible voters may register in person at a county voter service and polling center through Election Day, Nov 3. Voter service and polling centers open at least 15 days before the election (Oct 19) and run through Election Day, when they are open 7 a.m. to 7 p.m.; the minimum schedule excludes Sundays and the first Saturday, and local hours vary. Ballots must be in the county clerk's hands by 7 p.m. on Election Day; military and overseas ballots follow separate rules. Same-day registration is available during early voting and on Election Day."
e8d01ef932e108bf,CT,Connecticut,state,Connecticut,general,2026-11-03,Governor; U.S. House (all districts); Statewide offices & Legislature,2026-10-16,,2026-10-19,2026-11-01,2026-11-02,,,official,https://portal.ct.gov/-/media/sots/electionservices/calendars/2026-elections/2026-election-calendar-122325.pdf?rev=340f2bcacc9748c1a2ed8f49d1774f52&hash=471ECCC3D26999C2D53BB5636927C0EB,2026-10-09T12:00:00Z,"Same-day voter registration available. The ordinary by-mail and online registration cutoff is Oct 16, 2026 (18 days before the election); same-day registration is available in person during early voting and on Election Day. Early voting hours are 10 a.m.–6 p.m. daily, extended to 8 a.m.–8 p.m. on Oct 27 and Oct 29. Any eligible registered voter may request an absentee ballot without an excuse; the deadline to request one is Nov 2, 2026. Narrow Election Day exceptions (for example, sudden illness, hospital or nursing-home patients, and overseas voters) are not shown here. Absentee ballots must be received by 8 p.m. on Nov 3 if mailed or returned by an immediate family member or designee; a voter returning the ballot in person must deliver it by Nov 2."
0421deebb9bc32b0,DC,District of Columbia,state,District of Columbia,general,2026-11-03,Mayor; DC Council; Delegate to U.S. House; Attorney General,2026-10-13,,2026-10-26,2026-11-01,,,,official,https://dcboe.org/elections/2026-elections,2026-07-21T18:00:00Z,"Same-day voter registration available. Registration closes 21 days before the election (Oct 13; per NCSL table updated 2026-05-20, cross-checked 2026-09-28); same-day registration is available during early voting and on Election Day."
a7e39751c0dcc473,DE,Delaware,state,Delaware,general,2026-11-03,U.S. Senate; U.S. House (all districts); Statewide offices & Legislature,2026-10-10,,2026-10-22,2026-11-01,2026-10-30,,,official,https://elections.delaware.gov/elections/general/general.html,2026-10-09T12:00:00Z,"Early voting runs Oct 22 through Nov 1, 2026, with no early voting on Sunday, Oct 25: 7 a.m.–7 p.m. Oct 22–24 and Oct 26–27, then 11 a.m.–7 p.m. Oct 28–Nov 1, at any early-voting site in your county. Registration closes Saturday, Oct 10, 2026: online by 11:59 p.m., by mail if postmarked by Oct 10, or in person at a Department of Elections office from 8 a.m. to 4:30 p.m.; military and overseas citizens have until Oct 19. There is no Election Day registration. The last day to request an absentee ballot to be mailed is Friday, Oct 30; the Department of Elections can issue absentee ballots until noon on Monday, Nov 2, and a voted absentee ballot must be received by the Department of Elections by 8 p.m. on Nov 3 (early-voting sites and polling places do not accept absentee ballots). Polls are open 7 a.m. to 8 p.m. All times Eastern. Delaware has no 2026 governor's race (next in 2028)."
2f3103a2c1704428,FL,Florida,state,Florida,general,2026-11-03,U.S. Senate (special); Governor; U.S. House (all districts); Statewide offices & Legislature,2026-10-05,,2026-10-24,2026-10-31,,,,official,https://dos.fl.gov/elections/for-voters/election-dates/,2026-07-21T18:00:00Z,Includes special U.S. Senate election for the remainder of the unexpired term (appointee Ashley Moody's seat); early-voting dates shown are the mandatory statewide period.
ae9f36da2d07e1e9,GA,Georgia,state,Georgia,general,2026-11-03,U.S. Senate; Governor; U.S. House (all districts); Statewide offices & Legislature,2026-10-05,,2026-10-13,2026-10-30,2026-10-23,,,official,https://sos.ga.gov/sites/default/files/forms/2026%20Election%20Calendar%20Summary.pdf,2026-10-09T12:00:00Z,"Governor's race is open (Kemp term-limited) and the Class 2 U.S. Senate seat is up; May 19 primary and June 16 primary runoff were held before July 25. Absentee ballot applications are due by Oct 23, 2026."
1740fc79debed87a,HI,Hawaii,state,Hawaii,general,2026-11-03,Governor; U.S. House (all districts); Statewide offices & Legislature,2026-10-26,,2026-10-20,2026-11-03,,,,official,https://elections.hawaii.gov/,2026-10-09T12:00:00Z,"Paper voter registration applications must be submitted to the county elections division by 4:30 p.m. Hawaii time on Oct 26, 2026, the date the state's election office lists for the general election; its general rule is the tenth day before the election, which is Saturday, Oct 24. Under the state's administrative rules a registration form received after the register closes is valid only for the next election, so after that deadline the way to register for this election is in person at a voter service center, which offers same-day registration. The online registration page is open at any time. Voter service centers are open Oct 20 through Nov 3 (excluding Sundays): main centers Monday–Saturday 8 a.m.–4:30 p.m., and 7 a.m.–7 p.m. on Election Day; smaller satellite sites keep shorter schedules, so check your county. Voted ballots must be received by your county elections division by 7 p.m. Hawaii time on Election Day, by mail, drop box or voter service center. Requests for a ballot sent to a temporary alternate mailing address are due Oct 27, 2026."
a68173209426fdea,IA,Iowa,state,Iowa,general,2026-11-03,U.S. Senate; Governor; U.S. House (all districts); Statewide offices & Legislature,2026-10-19,17:00,2026-10-14,2026-11-02,2026-10-19,,,official,https://sos.iowa.gov/three-year-election-calendar,2026-10-09T12:00:00Z,"Register with your county auditor by 5 p.m. Central on Monday, Oct 19, 2026; a form mailed and postmarked on or before Oct 19 is also on time (Iowa Code 48A.9). After that date you can still register in person at the auditor's office or a satellite site while voting absentee through Nov 2, or at your polling place on Election Day with ID and proof of residence. In-person absentee voting at the county auditor's office runs Oct 14 through Nov 2 (hours set by each county). A written request for a mailed absentee ballot must reach your county auditor by 5 p.m. on Monday, Oct 19; military and overseas voters follow different rules. A voted absentee ballot must be received by the county auditor before the polls close at 8 p.m. Central on Nov 3; a postmark alone does not count, and it cannot be dropped off at a polling place. Polls are open 7 a.m. to 8 p.m."
770fd3b87e2ec427,ID,Idaho,state,Idaho,general,2026-11-03,U.S. Senate; Governor; U.S. House (all districts); Statewide offices & Legislature,2026-10-23,,,,,,,official,https://voteidaho.gov/election-information/,2026-07-21T18:00:00Z,"Same-day voter registration available at the polls on Election Day; early in-person voting offered only in counties that choose to conduct it. Registration closes 11 days before the election (Oct 23; per NCSL table updated 2026-05-20, cross-checked 2026-09-28); Election Day registration is available."
3dbd6b80d1615e6e,IL,Illinois,state,Illinois,general,2026-11-03,U.S. Senate; Governor; U.S. House (all districts); Statewide offices & Legislature,2026-10-06,,2026-09-24,2026-11-02,,,,official,https://elections.il.gov/,2026-07-21T18:00:00Z,"Open U.S. Senate seat (Sen. Dick Durbin not seeking re-election) plus Governor, all 17 U.S. House districts, statewide constitutional officers, and the General Assembly; early voting begins Sept 24 at election-authority main sites, with additional permanent sites opening later (e.g., Oct 19 in some jurisdictions). Mail registration closes 28 days before the election (Oct 6; per NCSL table updated 2026-05-20, cross-checked 2026-09-28); online registration remains open through Oct 18, with grace-period and same-day registration through Election Day."
0c5500b812343bb1,IN,Indiana,state,Indiana,general,2026-11-03,U.S. House (all districts); Statewide offices & Legislature,2026-10-05,,2026-10-06,2026-11-02,,,,official,https://www.in.gov/sos/elections/files/2026-Calendar-Brochure.FINAL-VERSION.pdf,2026-07-21T18:00:00Z,"No U.S. Senate seat and no Governor's race in Indiana in 2026; ballot includes all 9 U.S. House districts, statewide offices (Secretary of State, Auditor/Comptroller, Treasurer), and the Legislature; early (in-person absentee) voting ends at 12:00 noon on Nov 2."
99358c2f425c36d9,KS,Kansas,state,Kansas,general,2026-11-03,U.S. Senate; Governor; U.S. House (all districts); Statewide offices & Legislature,2026-10-13,,2026-10-14,2026-11-02,,,,official,https://sos.ks.gov/Pubs/Elections/2026-General-Election-Dates.pdf,2026-07-21T18:00:00Z,"U.S. Senate Class II seat (incumbent Roger Marshall) and an open Governor's race (Gov. Kelly term-limited) are both on the 2026 ballot; advance in-person voting may begin Oct 14, must begin in all counties by Oct 27, and ends at 12:00 noon Nov 2."
2465346bcb2ec77a,KY,Kentucky,state,Kentucky,general,2026-11-03,U.S. Senate; U.S. House (all districts); State Legislature,2026-10-05,,2026-10-29,2026-10-31,2026-10-20,,,official,https://elect.ky.gov/Resources/Documents/2026%20Election%20Calendar.pdf,2026-10-09T12:00:00Z,"Early voting shown is Kentucky's three-day no-excuse in-person absentee period (Thursday, Oct 29 through Saturday, Oct 31, 2026); each county sets its hours. Voters with a qualifying excuse can also vote in person absentee during normal business hours on Oct 21–23 and Oct 26–28. A mail-in absentee ballot must be requested through the state's online portal by 11:59 p.m. on Oct 20, 2026 (the State Board of Elections lists Eastern time; the statute says local time) and must be received by the county clerk by 6 p.m. local time on Election Day; a postmark does not count. Polls are open 6 a.m. to 6 p.m. local time on Nov 3, and anyone in line at 6 p.m. may vote. Registration closed Oct 5, 2026. State legislative seats also on the ballot (no statewide constitutional offices in 2026)."
b3d94b336ca36a8a,LA,Louisiana,state,Louisiana,general,2026-11-03,U.S. Senate; U.S. House (all districts),2026-10-05,,2026-10-20,2026-10-27,2026-10-30,,,official,https://www.sos.la.gov/elections-voting/election-dates,2026-10-09T12:00:00Z,"Officially titled 'U.S. Senate General/Open U.S. Representative Primary/Open Primary Election': the U.S. Senate race is the party-general round (the Senate primary was held May 16, 2026), while U.S. House and other open-primary offices hold their open (jungle) primary this day; online (GeauxVote) registration deadline is Oct 13; early voting runs 8:30 a.m. to 6 p.m., excluding Sunday, Oct 25. Absentee ballot requests are due by 4:30 p.m. Oct 30, and a registrar must receive a voted absentee ballot by 4:30 p.m. Nov 2 (military, overseas and hospitalized voters follow separate rules). Polls are open 6 a.m. to 8 p.m."
481927c1382ce933,MA,Massachusetts,state,Massachusetts,general,2026-11-03,U.S. Senate; Governor; U.S. House (all districts); Statewide offices & Legislature,2026-10-24,,2026-10-17,2026-10-30,,,,official,https://www.sec.state.ma.us/divisions/elections/recent-updates/upcoming-elections.htm,2026-07-21T18:00:00Z,
b90b3ee1411a4040,MD,Maryland,state,Maryland,general,2026-11-03,Governor; U.S. House (all districts); Statewide offices & Legislature,2026-10-13,,2026-10-22,2026-10-29,2026-10-27,,,official,https://elections.maryland.gov/elections/2026/index.html,2026-10-09T12:00:00Z,"Advance registration closes Oct 13, 2026: 5 p.m. for applications submitted by mail or in person at the local board of elections, and 11:59 p.m. for online registration. Same-day voter registration is available during early voting and on Election Day. Early voting runs Oct 22 through Oct 29, 7 a.m. to 8 p.m. daily, including weekends. Mailed or faxed absentee ballot requests must be received by Oct 27, 2026. Requests for a ballot to download and print are due Oct 30, 2026."
62b20c445a45d265,ME,Maine,state,Maine,general,2026-11-03,U.S. Senate; Governor; U.S. House (all districts); Statewide offices & Legislature,2026-10-13,,,2026-10-29,,,,official,https://www.maine.gov/sos/elections-voting/upcoming-elections,2026-10-09T12:00:00Z,"Same-day voter registration available; Maine's statewide primary was held June 9, 2026. Mail or third-party registration applications must be received by the voter's town or city by close of business on Oct 13, 2026, and online registration closes at 5 p.m. that day. In-person registration is available through the close of polls on Election Day, Nov 3. The last day to request an absentee ballot, or to vote absentee in the presence of the clerk, is Thursday, Oct 29. Absentee ballots must be returned to the municipal clerk by 8 p.m. on Nov 3."
9deda1284c83919a,MI,Michigan,state,Michigan,general,2026-11-03,U.S. Senate; Governor; U.S. House (all districts); Statewide offices & Legislature,2026-10-19,,2026-10-24,2026-11-01,2026-10-30,,,official,https://www.michigan.gov/sos/-/media/Project/Websites/sos/Election-Administrators/Election-Dates.pdf,2026-10-09T12:00:00Z,"Open U.S. Senate seat (Sen. Gary Peters not seeking re-election) and open Governor's race (Gov. Whitmer term-limited); registration deadline is mail/online, with in-person registration through 8 p.m. on Election Day (proof of residence is required for registrations made within 14 days of an election). Oct 24-Nov 1 is the constitutionally mandated minimum early voting period and some jurisdictions offer additional days. Mail requests for absentee ballots are due by 5 p.m. Oct 30, 2026; absentee ballot requests made in person must be submitted by 4 p.m. Nov 2, 2026. Voters who register or update their address on Election Day can still request an absentee ballot in person until 8 p.m. and must complete it in the clerk's office."
fb89569b604ee1fb,MN,Minnesota,state,Minnesota,general,2026-11-03,U.S. Senate; Governor; U.S. House (all districts); Statewide offices & Legislature,2026-10-13,,2026-09-18,2026-11-02,,,,official,https://sos.mn.gov/about-the-office/news-room/secretary-simon-highlights-2026-election-dates/,2026-10-09T12:00:00Z,"Same-day voter registration is available at early-voting locations and polling places. Registration closes Oct 13, 2026: online at 11:59 p.m. and in-person drop-off at 5 p.m. In-person absentee voting runs Sept 18 through Nov 2, 2026 at local election offices during business hours; the last day, Monday, Nov 2, has offices open until 5 p.m. Beginning Oct 16, voters can cast their ballot into a ballot tabulator under the new early voting process. Absentee ballots returned in person must be received by local election offices by 5 p.m. on Election Day; absentee ballots returned by mail must be received by 8 p.m. on Election Day."
e5172fe801db3b7f,MO,Missouri,state,Missouri,general,2026-11-03,U.S. House (all districts); Statewide offices & Legislature,2026-10-07,,2026-10-20,2026-11-02,2026-10-21,,,official,https://www.sos.mo.gov/elections/calendar,2026-10-09T12:00:00Z,"No U.S. Senate or Governor race in Missouri in 2026; State Auditor is the only statewide executive office on the ballot, alongside all 8 U.S. House seats and the Legislature. In-person absentee voting without an excuse runs Oct 20 through Nov 2, 2026. Mailed absentee ballot applications must be received by 5 p.m. on Oct 21, 2026."
3797282158f8d62f,MS,Mississippi,state,Mississippi,general,2026-11-03,U.S. Senate; U.S. House (all districts),2026-10-05,,,,,,,official,https://www.sos.ms.gov/content/documents/elections/2026%20Elections%20Calendar.pdf,2026-10-09T12:00:00Z,"Ballot also includes nonpartisan judicial races (Supreme Court, Court of Appeals, trial courts); no governor or legislature in 2026 (odd-year offices). Mississippi has no standard early in-person voting: in-person absentee voting is available only to voters who qualify under an absentee excuse, through Oct 31, 2026. The 2026 congressional primary was March 10, with the congressional primary runoff on April 7. Registration (in person or postmarked) closes Oct 5, 2026; no same-day registration."
b74d541b6ce4741a,MT,Montana,state,Montana,general,2026-11-03,U.S. Senate; U.S. House (all districts); Statewide offices & Legislature,2026-10-05,17:00,,,,,,official,https://sosmt.gov/elections/calendars/,2026-10-09T12:00:00Z,"No Governor race in 2026 (Montana elects its governor in presidential years). Regular voter registration closes Oct 5, 2026 at 5 p.m. Late registration begins Oct 6, 2026; under a court order it remains available until 8 p.m. on Election Day (Nov 3), and late registrants must get their ballot in person from the location the county election administrator designates. Absentee ballots begin mailing Oct 9, 2026."
41981dedc4c142f3,NC,North Carolina,state,North Carolina,general,2026-11-03,U.S. Senate; U.S. House (all districts); Statewide offices & Legislature,2026-10-09,17:00,2026-10-15,2026-10-31,2026-10-20,,,official,https://www.ncsbe.gov/voting/upcoming-election,2026-10-09T12:00:00Z,"No 2026 governor's race; statewide contests are judicial (e.g., N.C. Supreme Court / Court of Appeals) plus all General Assembly seats; the statewide primary was held March 3, 2026. Same-day registration is available during early voting. In-person early voting runs Oct 15 through 3 p.m. Oct 31. Mailed absentee ballot requests are due by 5 p.m. Oct 20, 2026, and absentee ballots must be in the county office by 7:30 p.m. on Nov 3. Polls are open 6:30 a.m. to 7:30 p.m. on Election Day."
97518b12fbf3749b,ND,North Dakota,state,North Dakota,general,2026-11-03,U.S. House (all districts); Statewide offices & Legislature,,,,,,,,official,https://www.sos.nd.gov/elections/voter/elections-currentpast,2026-10-09T12:00:00Z,"North Dakota does not require voter registration; no U.S. Senate or Governor race in 2026. Absentee ballots must be returned by the close of polls on Nov 3, 2026, and there is no postmark grace period."
0c143d47b8d67f55,NE,Nebraska,state,Nebraska,general,2026-11-03,U.S. Senate; Governor; U.S. House (all districts); Statewide offices & Legislature,2026-10-16,,2026-10-05,2026-11-02,2026-10-23,,,official,https://sos.nebraska.gov/sites/default/files/doc/elections/2026/2026_Election_Calendar.pdf,2026-10-09T12:00:00Z,"Class II U.S. Senate seat and Governor both on the 2026 ballot; Secretary of State, Attorney General, Treasurer and Auditor also up. Mailed registrations must be postmarked by Oct 16, 2026, and online registration closes before midnight that day. In-person registration closes Oct 23 at 6 p.m. There is no ordinary Election Day registration; narrow exceptions apply (for example, for naturalized citizens). Early in-person voting runs Oct 5 through Nov 2. Applications for early-voting ballots to be mailed to a specific address must be received by Oct 23 at 6 p.m."
7fe40f2715f6e61f,NH,New Hampshire,state,New Hampshire,general,2026-11-03,U.S. Senate; Governor; U.S. House (all districts); Statewide offices & Legislature,,,,,,,,official,https://www.sos.nh.gov/2026-election-details,2026-07-21T18:00:00Z,"Same-day voter registration available. Registration deadlines vary by municipality 6-13 days before the election (per NCSL table updated 2026-05-20, cross-checked 2026-09-28); same-day registration is available on Election Day."
25d07b77505031a8,NJ,New Jersey,state,New Jersey,general,2026-11-03,U.S. Senate; U.S. House (all districts),2026-10-13,,2026-10-24,2026-11-01,,,,official,https://www.nj.gov/state/elections/election-information-2026.shtml,2026-10-09T12:00:00Z,"No governor or state legislative races in 2026 (those are odd-year elections in New Jersey); the statewide primary was held June 2, 2026. Early voting runs Oct 24 through Nov 1, 2026; hours are 10 a.m. to 8 p.m. Monday through Saturday and 10 a.m. to 6 p.m. Sunday."
fc1866c67b88090c,NM,New Mexico,state,New Mexico,general,2026-11-03,U.S. Senate; Governor; U.S. House (all districts); Statewide offices & Legislature,2026-10-06,,2026-10-06,2026-10-31,2026-10-20,,,official,https://www.sos.nm.gov/candidate-and-campaigns/how-to-become-a-candidate/2026-elections-candidate-information/,2026-10-09T12:00:00Z,"Same-day voter registration is available during early voting and on Election Day at voting locations. Registration closes 28 days before the election (Oct 6; per NCSL table updated 2026-05-20, cross-checked 2026-09-28). Clerk's-office early voting begins Oct 6 and runs through Oct 31; expanded early voting at alternate sites begins Oct 17. The county clerk must receive absentee applications by Oct 20, 2026. Voted ballots must be received by 7 p.m. on Nov 3 at the clerk's office or a secure drop box. Polls are open 7 a.m. to 7 p.m. on Election Day."
f154e42fbce56b7f,NV,Nevada,state,Nevada,general,2026-11-03,Governor; U.S. House (all districts); Statewide offices & Legislature,2026-10-06,,2026-10-17,2026-10-30,,,,official,https://www.nvsos.gov/elections/election-information/2026-election-information,2026-10-09T12:00:00Z,"Active registered voters receive mail ballots; no U.S. Senate seat on Nevada's 2026 ballot. In-person registration closes 28 days before the election (Oct 6; per NCSL table updated 2026-05-20, cross-checked 2026-09-28). Online registration is open through Nov 3, 2026. A registration completed online from Oct 20 through Nov 3 counts as same-day registration: the voter must vote in person with qualifying identification and receives no mail ballot. Same-day registration is available in person during early voting and on Election Day; the in-person same-day period varies by county (Washoe County lists Oct 20 through Nov 3). Mailed ballots must be postmarked by Nov 3 and received by 5 p.m. on Nov 7; if the postmark cannot be determined, the ballot must be received by 5 p.m. on Nov 6."
e8bfd276f9615154,NY,New York,state,New York,general,2026-11-03,Governor; U.S. House (all districts); Statewide offices & Legislature,2026-10-24,,2026-10-24,2026-11-01,2026-10-24,,,official,https://elections.ny.gov/registration-and-voting-deadlines,2026-10-09T12:00:00Z,"No U.S. Senate seat up in 2026; the statewide primary was held June 23, 2026. Registration forms must be received by the county board of elections by Oct 24, 2026, and a form sent by mail must also be postmarked at least 15 days before the election (Oct 19). Early voting runs Oct 24 through Nov 1, 2026; hours are set by each county. An early-mail or absentee ballot application must be received by the board of elections by Oct 24, 2026 to have the ballot mailed, or by Nov 2, 2026 to pick it up in person. A mailed ballot must be postmarked no later than Nov 3, 2026 and received by the county board by Nov 10, 2026; a ballot entered in the mail after the last posted collection time is not postmarked until the next business day. A ballot can also be delivered in person to the county board of elections or a poll site by 9 p.m. on Nov 3, or to an early voting site Oct 24–Nov 1."
2c820dc4fa28d5f4,OH,Ohio,state,Ohio,general,2026-11-03,U.S. Senate (special); Governor; U.S. House (all districts); Statewide offices & Legislature,2026-10-05,,2026-10-06,2026-11-01,2026-10-27,,,official,https://www.ohiosos.gov/elections/voting-schedule,2026-10-09T12:00:00Z,"The U.S. Senate race is a SPECIAL election for the seat vacated by JD Vance and filled by appointee Jon Husted (no regular Ohio Senate seat is up in 2026); Governor's race is open (Gov. DeWine term-limited). Registration closes Oct 5, 2026; boards of elections and the Secretary of State's office are open until 9 p.m. that day. Absentee voting by mail begins Oct 6, and absentee ballot applications must be received by the board of elections by 8:30 p.m. on Oct 27. Early in-person voting runs Oct 6 through Nov 1: 8 a.m.–5 p.m. weekdays through Oct 23, 8 a.m.–4 p.m. Saturday Oct 24, 7:30 a.m.–7:30 p.m. Oct 26–30 (until 8:30 p.m. on Oct 27), 8 a.m.–4 p.m. Saturday Oct 31, and 1–5 p.m. Sunday Nov 1. Polls are open 6:30 a.m. to 7:30 p.m. on Nov 3, and absentee ballots from voters other than military and overseas voters must be received by the board of elections by 7:30 p.m. that day. Military and overseas voters' mailed ballots must be received by Nov 7 to count."
2ce2b11ac6581d07,OK,Oklahoma,state,Oklahoma,general,2026-11-03,U.S. Senate; Governor; U.S. House (all districts); Statewide offices & Legislature,2026-10-09,,,,,,,official,https://oklahoma.gov/content/dam/ok/en/elections/dates-and-deadlines/2026-statutory-election-dates-deadlines.pdf,2026-07-21T18:00:00Z,
5a5d0cbe7c84f5f1,OR,Oregon,state,Oregon,general,2026-11-03,U.S. Senate; Governor; U.S. House (all districts); Statewide offices & Legislature,2026-10-13,,,,,,,official,https://sos.oregon.gov/elections/pages/current-election.aspx,2026-10-09T12:00:00Z,"All-mail voting state; ballots are mailed to registered voters beginning Oct 14, 2026. Drop-box returns are accepted until 8 p.m. on Nov 3. Ballots postmarked by Nov 3 are accepted if received by Nov 10, 2026."
ae2df4c4d0c9f875,PA,Pennsylvania,state,Pennsylvania,general,2026-11-03,Governor; U.S. House (all districts); State Legislature,2026-10-19,,,,2026-10-27,,,official,https://www.pa.gov/agencies/vote/elections/upcoming-elections,2026-10-09T12:00:00Z,"No traditional early in-person voting in PA (mail ballot application deadline is 5:00 p.m. October 27, 2026); Lieutenant Governor and state legislative seats also on the ballot. Completed mail ballots must be received by the county election office by 8 p.m. on Nov 3; a postmark by then is not sufficient."
4a72496d5087dfa5,RI,Rhode Island,state,Rhode Island,general,2026-11-03,U.S. Senate; Governor; U.S. House (all districts); Statewide offices & Legislature,2026-10-04,,2026-10-14,2026-11-02,2026-10-13,,,official,https://vote.sos.ri.gov/Forms/Elections/Guides/2026ElecCal.pdf,2026-10-09T12:00:00Z,"Deadline to register to vote: Sunday, Oct 4, 2026. Deadline to apply for a mail ballot: Tuesday, Oct 13, 2026. The early voting and emergency mail ballot period runs Wednesday, Oct 14 through Monday, Nov 2, ending at 4 p.m. Mail ballots must be received by the State Board of Elections or placed in an authorized drop box by 8 p.m. on Nov 3."
4e275a7dcd5eb15a,SC,South Carolina,state,South Carolina,general,2026-11-03,U.S. Senate; Governor; U.S. House (all districts); Statewide offices & Legislature,2026-10-04,,2026-10-19,2026-10-31,2026-10-23,,,official,https://scvotes.gov/wp-content/uploads/2026/04/2026-Election-Calendar-Draft-scVOTES_.pdf,2026-10-09T12:00:00Z,"Early voting runs daily 8:30 a.m.–6 p.m. from Oct 19 through Oct 31, closed Sunday Oct 25; statewide primaries were held June 9, 2026 (runoffs two weeks later); open governor's race (McMaster term-limited) and the Class 2 U.S. Senate seat are on the ballot. Registration: in person at most county offices by 5 p.m. Oct 2; by fax or email received by Oct 4; by mail postmarked by Oct 5. Absentee applications are due by 5 p.m. Oct 23, 2026. Absentee ballots must be received by the county voter registration and elections office by 7 p.m. on Nov 3. No same-day registration."
3dc08d24d18ad74e,SD,South Dakota,state,South Dakota,general,2026-11-03,U.S. Senate; Governor; U.S. House (all districts); Statewide offices & Legislature,2026-10-19,17:00,2026-09-18,2026-11-02,,,,official,https://sdsos.gov/elections-voting/assets/2026%20Documents/2026ElectionCALENDAR.pdf,2026-10-09T12:00:00Z,"Registration must be received by 5 p.m. local time on Oct 19, 2026, 15 days before the election, and failing to register by then forfeits voting rights for this election, so South Dakota has no same-day registration. Absentee voting, including in person, begins Sept 18, 2026; in-person absentee applications are accepted during regular office hours or until 5 p.m. on Nov 2, the day before the election, whichever is later."
57f7b4682a86fe6c,TN,Tennessee,state,Tennessee,general,2026-11-03,U.S. Senate; Governor; U.S. House (all districts); Statewide offices & Legislature,2026-10-05,,2026-10-14,2026-10-29,2026-10-24,,,official,https://sos-prod.tnsosgovfiles.com/s3fs-public/document/Key%20Dates%20-%202026_0.pdf?VersionId=BlUofb7_chmj7rEfMw.akqY6xaoaoQF9,2026-10-09T12:00:00Z,"Early voting runs Oct 14 through Oct 29, 2026. Absentee applications must be received by Oct 24, 2026; absentee voting by mail requires an eligibility category. Absentee ballots must be received by the county election commission by 7 p.m. on Nov 3."
281e31b4764561af,TX,Texas,state,Texas,general,2026-11-03,U.S. Senate; Governor; U.S. House (all districts); Statewide offices & Legislature,2026-10-05,,2026-10-19,2026-10-30,2026-10-23,,,official,https://www.sos.state.tx.us/elections/voter/important-election-dates.shtml,2026-10-09T12:00:00Z,"The statewide primary was held March 3, 2026 (runoff May 26); U.S. Senate seat (Class 2) and Governor are both on the 2026 ballot. Early voting by personal appearance runs Oct 19 through Oct 30, 2026. Mail ballot applications must be received (not postmarked) by Oct 23, 2026; voting by mail requires an eligibility category."
45dbd4ead8b8de48,UT,Utah,state,Utah,general,2026-11-03,U.S. House (all districts); Statewide offices & Legislature,2026-10-23,17:00,2026-10-20,,2026-10-27,,,official,https://vote.utah.gov/current-election-information/,2026-10-09T12:00:00Z,"All-mail voting state. Active registered voters are mailed ballots automatically beginning Oct 13, 2026; other voters may request a by-mail ballot by 5 p.m. on Oct 27, 2026. In-person early voting begins Oct 20, 2026; some counties open satellite sites later (Salt Lake County's begin Oct 27). Same-day voter registration is available in person on Election Day with two forms of valid ID; no Governor or U.S. Senate race in Utah in 2026."
c6271fa0ceb3c1e7,VA,Virginia,state,Virginia,general,2026-11-03,U.S. Senate; U.S. House (all districts),2026-10-23,,2026-09-18,2026-10-31,2026-10-23,,,official,https://www.elections.virginia.gov/casting-a-ballot/calendars-schedules/upcoming-elections.html,2026-10-09T12:00:00Z,"No governor or General Assembly races in 2026 (odd-year offices); a district-level House of Delegates District 20 special election also appears on the Nov 3 ballot. Registration closes Oct 23, 2026; same-day registration with a provisional ballot is available through Election Day. In-person absentee voting runs Sept 18 through 5 p.m. Oct 31, 2026. Absentee applications must be received by 5 p.m. Oct 23, 2026. Absentee ballots returned in person must reach the local registrar by 7 p.m. on Election Day. Mailed absentee ballots must be postmarked by Election Day and received by noon on the third day after the election (Nov 6, 2026)."
1505a0276fd96edb,VT,Vermont,state,Vermont,general,2026-11-03,Governor; U.S. House (all districts); Statewide offices & Legislature,2026-11-03,,,,,,,official,https://sos.vermont.gov/elections/election-info-resources/candidates,2026-10-09T12:00:00Z,"Same-day voter registration is available at your polling place on Election Day (Nov 3). All active and eligible registered voters are mailed general-election ballots automatically, with mailing completed by Oct 1, 2026. Return a ballot by hand to the presiding officer at the voter's polling place before the polls close at 7 p.m. on Election Day."
843be40f79e5c908,WA,Washington,state,Washington,general,2026-11-03,U.S. House (all districts); Statewide offices & Legislature,2026-10-26,,,,,,,official,https://www.sos.wa.gov/elections/elections-calendar/dates-and-deadlines,2026-10-09T12:00:00Z,"No U.S. Senate seat and no Governor's race in Washington in 2026; ballot has all 10 U.S. House districts, the Legislature, and statewide judicial offices; all-mail voting state (no traditional early-voting window). Online and mailed registrations must be received by Oct 26, 2026 (8 days before Election Day). In-person registration at the county auditor's office is available through Election Day, Nov 3. Ballots must be postmarked by Nov 3; ballots deposited in an official drop box must be in by 8 p.m. on Election Day."
ae829a2a8988d088,WI,Wisconsin,state,Wisconsin,general,2026-11-03,Governor; U.S. House (all districts); Statewide offices & Legislature,2026-10-14,,,,2026-10-29,,,official,https://elections.wi.gov/2026,2026-10-09T12:00:00Z,"Same-day voter registration is available at the polls on Election Day. Mail registrations must be postmarked by Oct 14, 2026, and online registration closes that day at 11:59 p.m. Registration at the municipal clerk's office or other designated location closes Oct 30 at 5 p.m. or at close of business, whichever is later. In-person absentee voting may begin Oct 20; municipalities set their own schedules, and in-person absentee applications end no later than Nov 1. Requests for absentee ballots by mail (including online, email or fax) are due by 5 p.m. on Oct 29, 2026. Absentee ballots must be delivered to the polling place or central-count location by 8 p.m. on Nov 3."
f5d6893c1f767416,WV,West Virginia,state,West Virginia,general,2026-11-03,U.S. Senate; U.S. House (all districts); State Legislature,2026-10-13,,2026-10-21,2026-10-31,2026-10-28,,,official,https://sos.wv.gov/media/467/download?inline=,2026-10-09T12:00:00Z,"State legislative seats also on the ballot; no Governor race in 2026 (next in 2028). Absentee applications are due Oct 28, 2026. Absentee ballots hand-delivered to the clerk's office are due by Nov 2, 2026. Mailed ballots postmarked by Nov 3 are accepted if received by the canvass-convening hour on Nov 9, 2026; mailed ballots without a postmark are accepted if received by the day after the election (Nov 4, 2026). Electronic ballot return (for eligible military, overseas, and physically disabled voters) must be received by close of polls on Nov 3."
73e06e32fa98dc44,WY,Wyoming,state,Wyoming,general,2026-11-03,U.S. Senate; Governor; U.S. House (all districts); Statewide offices & Legislature,2026-10-19,,2026-10-06,2026-11-02,2026-11-02,,,official,https://sos.wyo.gov/Elections/Docs/2026/2026_Key_Election_Dates.pdf,2026-10-09T12:00:00Z,"Same-day voter registration available (register and vote at the polls on Election Day). Advance registration closes Oct 19, 2026. Absentee ballots may be requested at any time before the day of the election; the last day to request one is Nov 2, 2026. In-person absentee voting runs Oct 6 through Nov 2, excluding county holidays."
da691886f7a6ce57,GA,Georgia,state,Georgia,runoff,2026-12-01,U.S. Senate; Governor; U.S. House (all districts); Statewide offices & Legislature,2026-10-05,,,,2026-11-20,,,official,https://sos.ga.gov/sites/default/files/forms/2026%20Election%20Calendar%20Summary.pdf,2026-10-09T12:00:00Z,"Held only for Nov 3 races in which no candidate receives the required majority (Georgia requires a majority to win the general election). Registration deadlines: Oct 5, 2026 for state and local runoff races; Nov 2, 2026 for federal runoff races. Absentee ballot applications are due by Nov 20, 2026."
b7d3d9575f9d794c,MS,Mississippi,state,Mississippi,runoff,2026-12-01,Judicial & special-election runoffs,,,,,,,,official,https://www.sos.ms.gov/content/documents/elections/2026%20Elections%20Calendar.pdf,2026-07-21T18:00:00Z,"Listed on the official calendar as 'General/Special Runoff Election Day'; held only for races (e.g., nonpartisan judicial contests or special elections) in which no candidate wins the required majority on November 3."
09415b40828a4a01,LA,Louisiana,state,Louisiana,runoff,2026-12-12,U.S. House (districts without a majority winner); Other open-primary offices without a majority winner; State Senate District 14 special primary (East Baton Rouge Parish),2026-11-12,,2026-11-28,2026-12-05,2026-12-08,,,official,https://www.sos.la.gov/elections-voting/election-dates,2026-10-09T12:00:00Z,"Officially the 'Open U.S. Representative General/Open General/Special Primary (State Senator, 14th Senatorial District, Parish of East Baton Rouge) Election.' The general-election round is held only for races in which no candidate wins the required majority on Nov 3 (U.S. House districts without a majority winner, plus open-primary judicial/local races); the same day also holds a special primary for State Senate District 14 in East Baton Rouge Parish. Online (GeauxVote) registration deadline is Nov 21; early voting runs 8:30 a.m. to 6 p.m., excluding Sunday, Nov 29. Absentee ballot requests are due by 4:30 p.m. Dec 8, and a registrar must receive a voted absentee ballot by 4:30 p.m. Dec 11 (military, overseas and hospitalized voters follow separate rules). Polls are open 7 a.m. to 8 p.m."
